UA_Country,UA_Name,UA_Continent,Housing,Cost of Living,Startups,Venture Capital,Travel Connectivity,Commute,Business Freedom,Safety,Healthcare,Education,Environmental Quality,Economy,Taxation,Internet Access,Leisure & Culture,Tolerance,Outdoors
 Portugal,Porto,Europe,8.109500000000002,7.422000000000001,4.313000000000001,1.886,3.1115,5.460000000000001,8.238666666666665,7.704500000000001,8.166666666666666,4.449,7.03875,3.483,4.1575,4.4945,5.625,9.5735,5.9485
 Portugal,Lisbon,Europe,6.734000000000001,7.004000000000001,6.022,3.194,4.191000000000001,5.31575,8.238666666666665,8.438,7.860333333333332,4.48,6.4115,3.483,4.1575,6.394000000000001,7.833500000000001,9.597,5.690999999999999
 Estonia,Tallinn,Europe,8.376500000000002,6.931000000000001,5.356,5.829,1.9705,5.932500000000001,8.129333333333333,9.4255,7.366333333333333,5.355,7.825500000000001,4.1850000000000005,5.341,5.202,7.0235,7.838500000000001,4.5355
 Texas,San Antonio,North America,6.402000000000001,6.683,5.356,3.53,1.6815000000000002,4.96475,8.671,4.2165,6.307,4.151999999999999,6.201499999999999,6.5145,4.772,8.0745,6.6955,6.254,3.4185000000000003
 Idaho,Boise,North America,6.9635,6.578,4.205,2.5960000000000005,1.3235,5.2250000000000005,8.671,4.3605,6.797333333333332,3.6245,8.069500000000001,6.5145,4.062,3.442,4.1995,6.9275,5.221
 Kentucky,Louisville,North America,7.258,6.358000000000001,4.254,2.293,1.473,1.954,8.671,3.6175,6.162333333333332,3.6245,6.601249999999999,6.5145,4.062,5.526999999999999,5.6935,5.778499999999999,1.3
 Iowa,Des Moines,North America,6.850999999999999,6.327,2.912,1.818,1.379,2.0722500000000004,8.671,6.984,6.709,3.6245,8.68225,6.5145,4.346,5.698,6.0665,8.4765,3.299500000000001
 Arizona,Phoenix,North America,6.533,6.208,6.508500000000001,4.558,3.3025,4.828500000000001,8.671,2.583,6.126333333333331,4.590999999999999,4.625249999999999,6.5145,4.488,6.178,6.8100000000000005,5.565,6.7355
 Wisconsin,Madison,North America,5.8295,6.173,4.017,2.9130000000000003,1.2295,5.473750000000001,8.671,7.362000000000001,7.006999999999999,5.385999999999999,9.524,6.5145,4.204,4.9925,4.422000000000001,7.9005,4.376
 Utah,Salt Lake City,North America,6.141000000000001,6.172000000000001,6.3,7.09,2.736999999999999,4.573999999999999,8.671,5.657,6.246333333333332,4.2805,6.21575,6.5145,4.204,6.810500000000001,5.932,8.6225,6.641000000000002
 Texas,Houston,North America,5.224500000000001,6.162,7.9345,4.474,4.338500000000001,4.03075,8.671,3.129,6.379,4.928,5.304500000000001,6.5145,4.772,6.248499999999999,7.144,5.34,5.385999999999999
 Tennessee,Chattanooga,North America,6.782,6.121,3.9095,2.228,1.2095,0.7969999999999999,8.671,4.468,6.242999999999999,3.6245,7.1515,6.5145,4.772,8.365,4.1625,4.7925,3.908
 Ohio,Cincinnati,North America,6.6775,6.1080000000000005,6.0995,2.709,1.9265,4.743500000000001,8.671,4.975,6.345999999999999,4.2805,7.1095,6.5145,3.9205,6.512000000000001,6.118000000000001,5.299,3.6075
 Texas,Dallas,North America,5.259000000000001,6.090999999999999,7.939500000000001,4.916,4.746499999999999,4.4705,8.671,4.339,6.086666666666666,4.284,6.693,6.5145,4.772,6.460999999999999,7.1685,5.294,4.501999999999999
 United Kingdom,Cardiff,Europe,7.065,6.082,3.3955,1.7800000000000002,4.890000000000001,5.764749999999999,8.991999999999999,8.21,8.318333333333332,4.785500000000001,6.607249999999999,5.438,5.9545,5.101,5.0285,7.996,4.8055
 New Mexico,Albuquerque,North America,7.262,6.059,3.772,1.493,1.4555000000000002,5.05575,8.671,1.3435,6.429999999999999,4.151999999999999,7.3195,6.5145,4.346,5.396000000000001,4.890000000000001,7.028499999999999,3.5155
 Canada,Quebec,Europe,8.5175,6.037,3.7345000000000006,2.237,1.3815000000000002,5.279999999999999,8.966,9.1595,8.131333333333334,5.42,7.3155,5.8405000000000005,7.2745000000000015,3.2985,5.636500000000001,8.622,4.718999999999999
 Michigan,Detroit,North America,6.223000000000001,6.032,5.4015,5.183999999999999,3.6405,0.933,8.671,4.4615,5.786333333333332,5.8185,4.04675,6.5145,3.7785,6.167000000000002,7.478,3.678,5.387499999999999
 Germany,Dresden,Europe,7.884500000000001,6.0280000000000005,2.4065,1.533,3.536000000000001,4.959999999999999,9.072333333333331,8.463999999999999,8.393666666666666,5.124500000000001,8.110750000000001,5.373500000000001,3.9035,5.6035,6.6385,7.369,4.649
 Canada,Ottawa,North America,6.700499999999999,6.027,6.055,2.612,1.532,5.4052500000000006,8.966,8.4475,8.011333333333333,5.423500000000001,9.29225,5.8405000000000005,7.2745000000000015,6.267499999999999,6.0920000000000005,8.6295,5.318499999999999
 France,Marseille,Europe,7.5885,6.026000000000002,3.3095000000000003,2.843,5.950500000000001,5.86075,8.088333333333333,5.252,8.843666666666666,4.442,3.942,4.2045,2.648000000000001,5.5425,5.443000000000001,6.1735,5.1835
 United Kingdom,Liverpool,Europe,7.485,6.02,3.5589999999999997,2.355,6.649500000000001,4.541,8.991999999999999,7.7285,9.027666666666669,4.872,7.275250000000001,5.438,5.9545,8.994,5.393,7.451,5.458500000000001
 United Kingdom,Belfast,Europe,7.532000000000001,6.014000000000001,3.55,1.6210000000000002,4.0985,5.28,8.991999999999999,7.678999999999999,8.168333333333333,4.6865000000000006,8.377500000000001,5.438,5.9545,5.5955,4.957000000000001,5.9795,1.413
 Virginia,Richmond,North America,6.439500000000002,5.949,4.2705,2.097,1.38,5.648499999999999,8.671,3.3765,6.488333333333332,3.6245,6.6217500000000005,6.5145,4.204,7.645499999999999,6.3385,7.151,1.035
 Canada,Montreal,North America,7.392000000000001,5.948,8.102500000000001,5.773000000000001,3.443,5.107,8.966,7.822,7.395,7.299000000000001,7.7215,5.8405000000000005,7.2745000000000015,4.478000000000001,6.9175,8.193,5.303
 Missouri,Kansas City,North America,6.7075,5.844,2.793999999999999,3.5380000000000007,1.869,1.9725000000000004,8.671,4.422500000000001,6.4496666666666655,3.6245,7.9765,6.5145,4.062,8.188500000000001,6.674500000000001,5.0205,4.161500000000001
 United Kingdom,Birmingham,Europe,5.9035,5.814,4.3575,2.541,5.8450000000000015,5.4935,8.991999999999999,6.946500000000001,8.293666666666667,5.0265,5.7385,5.438,5.9545,5.940000000000001,4.4350000000000005,6.421,1.2675
 Nevada,Las Vegas,North America,7.001,5.759,7.515,2.022,3.5285,4.807499999999999,8.671,2.385,5.6353333333333335,3.6245,5.556500000000001,6.5145,4.772,5.3035,6.3685,7.275,5.385
 Ohio,Columbus,North America,6.2895,5.746000000000001,5.878500000000001,4.973000000000001,1.663,5.02675,8.671,5.2815,6.406,5.047499999999999,8.166,6.5145,3.9205,4.5535,6.465999999999999,5.9215,4.544999999999999
 Tennessee,Nashville,North America,4.4545,5.742000000000001,6.0600000000000005,3.569,1.9080000000000004,4.501,8.671,5.078,5.952999999999999,4.733,7.056499999999999,6.5145,4.772,6.6370000000000005,7.0200000000000005,6.807500000000001,1.2735
 Canada,Victoria,North America,5.696,5.703,4.479,2.719,1.4945,5.226000000000001,8.966,7.808000000000001,7.693,5.3815,9.29475,5.8405000000000005,7.2745000000000015,6.194999999999999,4.523000000000001,8.7825,4.3555
 Germany,Stuttgart,Europe,6.314000000000001,5.673000000000002,3.7565,1.936,5.9645,6.205499999999999,9.072333333333331,8.269500000000003,7.851333333333333,5.0505,7.225,5.373500000000001,3.9035,5.124,5.556,7.533499999999998,3.9495
 Taiwan,Taipei,Asia,7.977,5.644,5.468500000000001,2.7810000000000006,2.5105,5.6065,8.341666666666667,9.542,5.905333333333333,5.589500000000001,6.23575,6.6355,7.333,5.2315000000000005,7.2635,8.0435,5.5885
 United Kingdom,Glasgow,Europe,6.9285000000000005,5.623,3.505,1.1820000000000002,6.1995000000000005,5.35225,8.991999999999999,7.496,8.813333333333333,5.306500000000001,7.100999999999999,5.438,5.9545,4.252999999999999,4.671000000000001,6.9430000000000005,3.740999999999999
 North Carolina,Raleigh,North America,6.128500000000001,5.610000000000001,5.497,5.157000000000002,1.757,4.78425,8.671,6.5225,6.677333333333333,7.1165,8.583750000000002,6.5145,4.062,7.9515,6.613,7.562000000000001,3.3905000000000003
 Germany,Cologne,Europe,6.5265,5.606999999999999,5.1065000000000005,3.2780000000000005,7.282000000000001,5.381749999999999,9.072333333333331,6.6295,8.04,5.1035,6.48,5.373500000000001,3.9035,5.666,5.3225,6.7115,5.289000000000001
 Ohio,Cleveland,North America,7.155999999999999,5.595,4.961,3.646,2.077500000000001,4.42125,8.671,3.637,6.755666666666666,4.6185,7.2505,6.5145,3.9205,5.476500000000001,5.696500000000001,4.775499999999999,4.669
 Sweden,Malmo,Europe,7.263000000000001,5.57,3.645,2.683,4.7675,5.646750000000001,9.568999999999996,6.598000000000001,8.215,3.893,9.2055,5.694499999999999,2.7495000000000003,8.219999999999999,2.3445,5.304,4.524
 Wisconsin,Milwaukee,North America,6.1225,5.526,4.8305,2.005,1.5875,4.915000000000001,8.671,4.267,6.082333333333333,4.177,7.989000000000001,6.5145,4.204,4.346,6.8375,4.844,5.064000000000001
 Germany,Berlin,Europe,6.3950000000000005,5.524,9.085,7.820000000000001,7.024999999999999,6.1960000000000015,9.072333333333331,7.251500000000001,7.990666666666666,7.019000000000001,6.771500000000001,5.373500000000001,3.9035,4.677999999999999,8.881,7.177499999999998,5.475000000000001
 Canada,Edmonton,North America,6.729500000000001,5.522,4.6240000000000006,2.392,1.902,5.09725,8.966,7.1175000000000015,8.269,5.948,8.17575,5.8405000000000005,7.2745000000000015,4.609999999999999,3.974,7.925499999999999,3.385
 Missouri,St. Louis,North America,6.958,5.504,5.424000000000001,3.885,2.5315,5.085500000000001,8.671,3.880500000000001,6.669999999999999,5.2715,7.37425,6.5145,4.062,8.909,7.642500000000001,4.376,4.8285
 United Arab Emirates,Dubai,Asia,2.591,5.49,7.309000000000001,4.183,4.508,4.2285,8.036999999999999,9.172,6.392,2.28,6.035500000000001,7.885999999999999,10.0,3.151,4.6705,5.426500000000001,5.7985
 New York,Rochester,North America,6.727,5.488,4.3355,1.505,1.398,1.90775,8.671,5.899,6.106,4.494999999999999,5.93525,6.5145,3.9205,5.551,5.335,5.9015,4.404
 Indiana,Indianapolis,North America,6.266,5.478,5.503,3.96,1.6815000000000002,4.85875,8.671,3.968,6.151333333333332,3.6245,6.1605,6.5145,4.062,5.875500000000001,7.298999999999999,6.869999999999999,3.965
 Canada,Calgary,North America,6.495000000000001,5.417999999999999,5.9495000000000005,2.036,2.514,5.157500000000001,8.966,7.923,8.026333333333334,5.5550000000000015,8.191499999999998,5.8405000000000005,7.2745000000000015,5.6705000000000005,4.268,8.1105,7.504499999999999
 France,Lille,Europe,7.532000000000001,5.399000000000001,3.2585,2.381,6.020000000000001,2.29375,8.088333333333333,6.942,9.071,4.3935,4.2395,4.2045,2.648000000000001,3.826999999999999,5.1095000000000015,7.202999999999999,2.2925000000000004
 Colorado,Colorado Springs,North America,6.4995,5.375,4.267,2.147,1.266,1.7352500000000004,8.671,5.3775,5.843999999999999,3.6245,8.526500000000002,6.5145,4.346,5.9225,3.812,9.206,7.356499999999999
 United Kingdom,Leeds,Europe,6.811,5.363,3.3605,4.423,6.595000000000001,5.1057500000000005,8.991999999999999,7.731,8.633666666666667,4.9825,5.922000000000001,5.438,5.9545,7.329499999999999,3.7435,7.214,1.2955
 Florida,Jacksonville,North America,6.450000000000001,5.359,4.3475,2.545,1.5674999999999997,1.40575,8.671,3.8255,6.199,3.6245,7.12025,6.5145,4.772,6.157500000000001,5.6545000000000005,5.6785000000000005,5.013
 Texas,Austin,North America,4.3345,5.355,9.236,6.939000000000001,1.8515000000000004,4.3305,8.671,5.069,6.281666666666666,5.315000000000001,7.03075,6.5145,4.772,9.049,6.698,6.7895,3.909
 Germany,Karlsruhe,Europe,7.764499999999998,5.294,2.994,1.299,4.7985,4.905499999999999,9.072333333333331,6.858,8.412,5.2075000000000005,7.7675,5.373500000000001,3.9035,4.5945,3.9865,8.337,4.588500000000001
 Florida,Orlando,North America,5.778499999999999,5.284,6.5975,2.464,3.7735,4.33875,8.671,4.134,5.9673333333333325,3.6245,6.676,6.5145,4.772,4.886,5.9295,5.784000000000002,4.492999999999999
 Canada,Toronto,North America,4.66,5.271,9.981,7.602000000000001,4.335000000000001,4.683000000000001,8.966,7.693500000000001,8.063666666666666,7.602500000000001,7.1775,5.8405000000000005,7.2745000000000015,4.383,7.826,7.928000000000002,5.594
 Canada,Vancouver,North America,4.080500000000001,5.259,8.17,5.8420000000000005,2.771,4.93675,8.966,7.5695,8.037666666666665,6.889000000000001,8.42325,5.8405000000000005,7.2745000000000015,4.550500000000001,5.7170000000000005,8.295,7.4
 Florida,Tampa Bay Area,North America,5.696,5.253,6.347,3.778000000000001,2.9055000000000004,1.40075,8.671,4.706499999999999,6.572999999999999,4.2805,7.37875,6.5145,4.772,7.195,6.433999999999999,5.360000000000001,5.497
 United Kingdom,Bristol,Europe,5.215999999999999,5.242,4.113,3.593,4.890000000000001,5.4437500000000005,8.991999999999999,7.939999999999999,8.251666666666665,5.4615,6.472250000000001,5.438,5.9545,6.478000000000001,3.8625,7.439499999999999,4.538
 Georgia,Atlanta,North America,4.9755,5.241,8.835,7.2570000000000014,5.2915,3.89775,8.671,2.6725,6.0233333333333325,6.456999999999999,5.817749999999999,6.5145,4.204,6.4805,7.765499999999999,4.062,5.0095
 New York,Buffalo,North America,7.0765,5.228000000000001,3.947000000000001,2.7150000000000003,1.511,2.154,8.671,7.1885,6.457333333333333,4.212,8.329249999999998,6.5145,3.9205,6.757999999999999,4.32,7.404000000000001,4.6465
 Australia,Brisbane,Oceania,5.212,5.1770000000000005,6.343,3.24,2.4345,4.617750000000001,9.399666666666668,7.903500000000001,8.317666666666666,5.920999999999999,8.82775,6.0695000000000014,4.5885,4.407500000000001,4.01,7.489500000000001,6.256500000000002
 New Zealand,Wellington,Oceania,5.134499999999999,5.161,2.4715,1.753,0.8525,6.039750000000001,10.0,8.223,8.078333333333331,4.756,9.60925,5.505500000000001,5.9315,5.1745,4.599,8.116000000000001,6.397
 California,San Diego,North America,2.9335,5.156000000000001,8.3505,8.595,2.6220000000000003,4.40975,8.671,6.933,6.519666666666666,5.4575,7.26725,6.5145,4.488,5.999,8.21,8.5395,6.396000000000002
 Germany,Frankfurt,Europe,5.957,5.143,3.768,3.398999999999999,8.529,5.923,9.072333333333331,6.8375,7.707333333333334,5.2065,6.4755,5.373500000000001,3.9035,4.079,6.492,7.0345,5.384
 Germany,Dusseldorf,Europe,6.282000000000001,5.134,3.389,2.2300000000000004,6.6695,5.283000000000001,9.072333333333331,8.166,8.003666666666666,4.306500000000001,7.375499999999999,5.373500000000001,3.9035,5.666,4.664000000000001,7.868499999999999,5.3585
 Alabama,Birmingham,North America,6.5555,5.133,4.3575,1.0,1.4354999999999998,2.02075,8.671,1.776,6.540999999999999,3.6245,7.0375,6.5145,4.204,5.1605,5.3835,4.881500000000002,1.2660000000000002
 Netherlands,Eindhoven,Europe,6.252000000000001,5.125,3.5405,3.0170000000000003,4.807499999999999,6.031750000000001,8.836666666666666,9.107,8.559333333333333,5.0805,8.805,5.053000000000001,4.954999999999999,7.658999999999999,4.333500000000001,9.3425,4.628
 United Kingdom,Edinburgh,Europe,5.8450000000000015,5.114,4.109,3.337,5.185,5.967500000000001,8.991999999999999,8.485,8.552333333333332,6.092500000000001,7.763,5.438,5.9545,5.1755,7.200500000000001,7.922000000000001,5.131
 Colorado,Denver,North America,3.8375,5.102,7.8645,6.117,4.243,4.530000000000001,8.671,5.371,6.220333333333333,3.6245,7.11675,6.5145,4.346,5.418500000000001,6.2235,7.860499999999999,7.932999999999999
 Finland,Turku,Europe,7.534000000000002,5.07,1.8795,1.773,3.224,6.7285,9.450666666666669,9.1755,8.712666666666667,5.347499999999999,9.10475,3.921,4.8785,6.6825,5.0975,7.751499999999999,4.5375
 United Kingdom,Manchester,Europe,6.455500000000001,5.049000000000001,5.769500000000001,4.908,6.397500000000001,4.728,8.991999999999999,6.7725,8.518999999999998,5.652,4.363,5.438,5.9545,5.814,4.9750000000000005,6.6770000000000005,3.676
 Sweden,Gothenburg,Europe,6.725,5.046000000000001,3.1285000000000007,3.725,3.6575,5.96875,9.568999999999996,7.296,8.101666666666667,4.7775,8.58975,5.694499999999999,2.7495000000000003,6.1925,4.0045,6.3645,4.5685
 Minnesota,Minneapolis-Saint Paul,North America,4.738500000000001,5.042000000000001,6.5265,5.5230000000000015,3.544,4.924999999999999,8.671,5.085000000000001,6.680999999999999,5.2745,8.362,6.5145,4.062,6.258499999999999,6.8505,7.288,5.095999999999999
 Oregon,Eugene,North America,6.713,5.021,3.0865000000000005,1.964,1.192,5.627000000000001,8.671,6.171500000000001,6.566666666666666,4.1735,8.231,6.5145,3.9205,4.756000000000001,2.9560000000000004,8.9695,3.533
 France,Nantes,Europe,7.7225,5.021,3.353,2.2300000000000004,4.989,5.997750000000001,8.088333333333333,7.6355,8.533333333333333,4.4045000000000005,7.323,4.2045,2.648000000000001,4.867,4.351000000000001,7.0555,2.672
 Louisiana,New Orleans,North America,5.339,4.991999999999999,4.7365,1.21,1.757,4.6275,8.671,2.088,5.884,4.151999999999999,5.674,6.5145,4.346,6.453000000000001,7.1985,5.1240000000000006,1.0
 North Carolina,Charlotte,North America,5.549,4.987,6.247999999999999,2.878,3.679,4.134,8.671,5.347499999999999,6.432333333333333,3.6245,8.009249999999998,6.5145,4.062,6.3870000000000005,5.606,6.7895,1.3115
 Hong Kong,Hong Kong,Asia,1.0,4.967,8.343,8.314,3.679,5.54025,9.294333333333334,9.3505,4.154000000000001,9.711,4.53325,6.4825,8.380499999999998,6.2275,7.0585,7.152000000000001,5.796
 Canada,Halifax,North America,6.895000000000001,4.9430000000000005,3.624,2.2840000000000003,1.5699999999999998,5.402750000000001,8.966,7.188500000000001,7.885666666666666,5.42,7.618499999999999,5.8405000000000005,7.2745000000000015,6.123500000000001,3.942,7.853499999999999,4.023
 United Kingdom,Oxford,Europe,3.65,4.941000000000001,4.551,3.843,7.926000000000001,5.95825,8.991999999999999,8.5685,7.970000000000001,6.638000000000001,7.553750000000001,5.438,5.9545,6.1545000000000005,5.495,8.258000000000001,2.6290000000000004
 Netherlands,Rotterdam,Europe,6.0440000000000005,4.934000000000001,4.4305,2.83,8.1805,5.9670000000000005,8.836666666666666,8.268,8.329,4.306500000000001,7.08675,5.053000000000001,4.954999999999999,5.852500000000001,5.427499999999999,8.2805,4.280999999999999
 Ireland,Galway,Europe,6.275500000000001,4.9270000000000005,2.5380000000000003,2.556,2.3615,5.68975,8.345666666666666,8.89,7.069999999999999,5.0075,7.51875,7.514500000000001,6.254999999999999,7.637499999999999,1.1150000000000002,8.700499999999998,3.7125
 Oregon,Portland,North America,4.138,4.924,6.957,5.899,2.2405,4.908,8.671,5.1805,6.317666666666667,4.2155,8.4595,6.5145,3.9205,5.968500000000001,6.2195,8.1595,6.303999999999999
 Germany,Hamburg,Europe,5.944500000000001,4.904,5.793999999999999,4.197,5.685000000000001,5.8265,9.072333333333331,6.4590000000000005,8.129999999999999,4.306500000000001,8.123999999999999,5.373500000000001,3.9035,5.560499999999999,6.3525,7.162999999999999,5.088
 Ireland,Cork,Europe,5.514500000000001,4.902,3.9875,2.87,2.3615,5.504250000000001,8.345666666666666,8.839500000000001,7.426333333333334,4.879,8.012750000000002,7.514500000000001,6.254999999999999,9.143999999999998,2.5315,8.630500000000001,0.5
 United Kingdom,Cambridge,Europe,4.1055,4.851,5.253,3.2840000000000003,6.887499999999999,5.627750000000001,8.991999999999999,9.504499999999998,8.189,6.554500000000001,8.0165,5.438,5.9545,5.8095,2.455,8.487000000000002,0.5
 Japan,Osaka,Asia,7.8315,4.819,2.668,2.144,6.201499999999999,5.255000000000001,8.417666666666667,10.0,8.705333333333332,5.589499999999999,5.326750000000001,3.7235,6.033,3.724,7.2265,7.189500000000001,5.1875
 Australia,Melbourne,Oceania,4.829999999999999,4.798000000000001,8.204,5.020000000000001,2.8465000000000003,4.872,9.399666666666668,7.1325,8.015999999999998,6.2205,7.891499999999999,6.0695000000000014,4.5885,5.896000000000001,6.461,7.0005,6.202999999999999
 Pennsylvania,Pittsburgh,North America,5.963500000000002,4.795,6.5075,3.5809999999999995,1.7379999999999998,4.308,8.671,4.791,6.399666666666666,6.5935,6.874250000000001,6.5145,3.7785,8.669500000000001,6.859,7.390000000000001,4.0685
 Australia,Perth,Oceania,5.233,4.795,5.127000000000001,3.102,2.1105,4.695,9.399666666666668,7.1045,8.059333333333331,5.143,8.132500000000002,6.0695000000000014,4.5885,4.1785,4.5115,7.470500000000001,5.6835
 Illinois,Chicago,North America,3.702,4.766000000000001,9.513,8.368,5.5075,4.57975,8.671,3.832,6.215999999999998,7.999,6.8045,6.5145,4.062,6.599499999999999,8.193,6.134,5.4155
 Australia,Adelaide,Oceania,6.3095,4.692,3.1365,2.64,1.7765000000000004,5.33625,9.399666666666668,7.926000000000001,7.936666666666666,5.142,8.330750000000002,6.0695000000000014,4.5885,4.341,4.3285,7.822,5.531000000000001
 Netherlands,The Hague,Europe,6.053000000000001,4.653,3.864,1.107,8.000500000000002,5.061000000000001,8.836666666666666,8.789000000000001,8.213999999999999,4.306500000000001,8.283750000000001,5.053000000000001,4.954999999999999,6.5135000000000005,5.0145,8.552999999999999,4.924
 Germany,Munich,Europe,4.23,4.648,6.915,6.509,8.056500000000002,6.013999999999999,9.072333333333331,9.049,8.370999999999999,7.554499999999999,9.018250000000002,5.373500000000001,3.9035,5.155000000000001,7.335999999999999,8.4745,7.330999999999999
 Finland,Tampere,Europe,6.936,4.622,2.606,2.5490000000000004,2.848,6.3495,9.450666666666669,8.689000000000002,8.316333333333333,5.3895,8.922,3.921,4.8785,5.792000000000001,4.187000000000001,8.290500000000002,4.571000000000001
 Netherlands,Utrecht,Europe,5.4665,4.604,3.915,1.9290000000000005,8.0725,5.9902500000000005,8.836666666666666,8.631,8.394,5.5915,8.0955,5.053000000000001,4.954999999999999,6.676,5.373,8.5655,4.6965
 California,Los Angeles,North America,1.5275,4.556000000000001,10.0,10.0,3.9585,3.677000000000001,8.574666666666667,5.705,6.027333333333332,8.6245,4.7315000000000005,6.5145,4.7675,5.496500000000001,9.196,6.959999999999999,6.747
 France,Toulouse,Europe,7.544,4.552,3.577,2.042,5.1265,5.06775,8.088333333333333,6.967,8.831999999999999,4.442,5.079750000000001,4.2045,2.648000000000001,4.622000000000001,4.1370000000000005,7.6335,3.3040000000000003
 Colorado,Boulder,North America,3.704,4.531,5.853000000000001,6.019,4.207,6.138000000000002,8.671,7.0735,7.050333333333333,4.679,9.84375,6.5145,4.346,6.2780000000000005,2.5649999999999995,9.274500000000002,6.699
 Florida,Miami,North America,3.031,4.497,8.0225,5.055,4.1690000000000005,4.0527500000000005,8.671,4.321,6.031,4.3945,6.292,6.5145,4.772,5.824,6.7675,6.043500000000001,5.3845
 Belgium,Brussels,Europe,6.355,4.477,5.6915,3.374,7.4675,5.386750000000001,8.876999999999999,6.703,8.158333333333333,6.6530000000000005,4.591000000000001,4.8115000000000006,1.883,7.5715,8.143999999999998,6.481,4.123
 France,Nice,Europe,6.4985,4.475,3.0975,2.603,6.46,6.051,8.088333333333333,7.234,8.329666666666665,4.4045000000000005,6.423,4.2045,2.648000000000001,6.472,4.7795,6.467499999999999,5.5265
 New Zealand,Auckland,Oceania,4.72,4.470000000000001,4.588000000000001,2.79,1.3045000000000004,4.845000000000001,10.0,7.0215,8.162666666666665,5.0465,8.2725,5.505500000000001,5.9315,6.8500000000000005,4.395999999999999,7.402000000000001,5.862
 Pennsylvania,Philadelphia,North America,4.207,4.422000000000001,7.3625,5.215999999999999,3.556,4.1315,8.671,3.133,6.482666666666664,6.0285,5.1240000000000006,6.5145,3.7785,7.443,8.492,5.864500000000001,4.115
 Sweden,Stockholm,Europe,4.865,4.36,6.267,6.229,6.2255,5.685500000000001,9.568999999999996,6.8865,8.039333333333332,6.6675,8.99175,5.694499999999999,2.7495000000000003,7.6135,6.797499999999999,5.719500000000001,4.494
 France,Lyon,Europe,6.697000000000001,4.349,4.4995,3.083,5.963000000000001,5.18525,8.088333333333333,7.134499999999999,8.641666666666666,4.5805,6.54325,4.2045,2.648000000000001,9.403,5.987500000000001,6.517,5.373500000000001
 France,Grenoble,Europe,7.505000000000001,4.317,2.7430000000000003,1.852,3.996,5.52575,8.088333333333333,5.8875,9.063,4.549,6.151,4.2045,2.648000000000001,3.758,3.1785,5.0505,4.646
 Massachusetts,Boston,North America,1.0,4.259,9.565,10.0,3.215,4.39625,8.671,7.742000000000001,6.728999999999998,8.6245,8.1705,6.5145,4.062,5.700500000000001,8.564,8.4815,5.659999999999999
 Australia,Sydney,Oceania,1.9865,4.128,8.726500000000001,6.427000000000001,3.285,4.851,9.399666666666668,7.5710000000000015,8.033666666666665,6.725500000000001,7.81675,6.0695000000000014,4.5885,4.7365,6.2275,7.032500000000001,6.2635
 Finland,Helsinki,Europe,5.396000000000001,4.121,5.683,5.507,4.7505,5.77925,9.450666666666669,8.674000000000001,7.953666666666665,5.4545,9.301,3.921,4.8785,5.1035,7.054500000000001,7.501500000000001,4.797999999999999
 Denmark,Aarhus,Europe,6.1315,4.015000000000001,2.827000000000001,2.512,3.5360000000000005,6.31175,9.94,9.616500000000002,8.704333333333333,5.3665,7.633000000000001,4.886500000000001,5.0680000000000005,8.373,3.187,9.738500000000002,4.13
 Ireland,Dublin,Europe,2.5125,4.005000000000001,5.651,6.204,4.7615,5.44625,8.345666666666666,7.121499999999999,6.8103333333333325,5.6065,6.5015,7.514500000000001,6.254999999999999,8.3435,7.134500000000001,7.328,5.664
 United Kingdom,London,Europe,1.0,3.94,10.0,9.859,9.4025,5.3955,8.991999999999999,7.243500000000001,8.017999999999999,9.027,5.547750000000001,5.438,5.9545,5.8455,9.4555,6.573,5.374499999999999
 Netherlands,Amsterdam,Europe,3.0529999999999995,3.8240000000000007,7.971500000000001,6.107,8.3245,6.1185,8.836666666666666,8.503500000000003,7.907333333333333,6.18,7.59725,5.053000000000001,4.954999999999999,4.523000000000001,8.874,8.368,5.307
 Washington,Seattle,North America,2.291,3.79,8.367,7.551000000000001,2.8845,4.523750000000001,8.671,5.6365,6.309666666666666,5.7145,7.560250000000001,6.5145,4.772,4.940499999999999,8.1155,8.0895,7.2094999999999985
 South Korea,Seoul,Asia,6.142500000000001,3.698000000000001,5.283500000000001,4.066000000000001,6.155999999999999,5.718999999999999,8.279333333333334,8.305,8.549,6.8655,6.787000000000001,5.561,6.6075,7.637,8.200000000000001,4.484,5.776
 France,Paris,Europe,3.5835,3.664,9.2765,7.513000000000001,10.0,5.330500000000001,8.088333333333333,6.2465,8.207666666666666,7.085,4.36225,4.2045,2.648000000000001,9.716,9.8165,5.579,4.433
 District of Columbia,Washington,North America,1.2105,3.5949999999999998,8.774000000000001,8.056,4.505000000000001,4.457000000000001,8.671,2.1915,6.257999999999999,5.968500000000001,6.99375,6.5145,4.062,3.825500000000001,10.0,6.5495,5.023499999999999
 South Carolina,Charleston,North America,4.6370000000000005,3.567,4.92,2.011,1.399,4.62075,8.671,5.0555,6.779666666666666,3.6245,7.276,6.5145,4.062,6.093,6.595000000000001,5.771000000000001,5.0095
 Singapore,Singapore,Asia,1.745,3.4890000000000003,9.103000000000002,8.697,2.982,5.42725,9.724666666666666,9.9715,7.682666666666665,8.2465,7.95425,7.478500000000001,9.959,8.447,7.422499999999999,6.494999999999999,5.834
 Japan,Tokyo,Asia,5.657000000000001,3.431,6.297000000000001,3.962999999999999,8.1515,6.0075,8.377666666666666,10.0,8.82633333333333,6.980500000000001,5.955750000000001,3.7235,6.033,4.835000000000001,9.342000000000002,7.194500000000001,6.5225
 Denmark,Copenhagen,Europe,4.227,3.426,6.206999999999999,4.467,6.3,6.2955000000000005,9.94,9.1525,7.985333333333334,5.301,8.27225,4.886500000000001,5.0680000000000005,7.239500000000001,7.063000000000001,9.0955,4.671000000000001
 California,San Francisco Bay Area,North America,1.0,2.618,10.0,10.0,3.654500000000001,4.687250000000001,8.671,5.7155000000000005,6.448999999999999,8.6245,6.4815000000000005,6.5145,4.488,5.605500000000001,9.407,8.012500000000001,7.014
 New York,New York,North America,1.0,2.342,10.0,10.0,6.675,5.51925,8.671,7.022,6.105333333333332,8.0935,5.233749999999999,6.5145,3.9205,7.0985,10.0,6.7125,5.7475
 Norway,Bergen,Europe,5.229499999999999,1.805,2.207,1.0,3.2425000000000006,5.8875,9.635333333333332,7.7075,7.646666666666666,4.8395,7.539250000000001,7.0735,4.752,6.537000000000001,4.4875,7.6145,4.3135
 Norway,Oslo,Europe,3.768,1.0380000000000005,5.2090000000000005,3.869,5.177,5.775250000000001,9.635333333333332,7.1065000000000005,7.909999999999998,5.144500000000001,8.42425,7.0735,4.752,7.9705,5.899,7.029999999999999,6.1895
 Switzerland,Lausanne,Europe,4.0755,1.0,3.822,3.308,6.5145,5.85825,8.888,8.032499999999999,7.351999999999999,6.622,8.809750000000001,6.552,6.4285000000000005,4.146,4.222,8.4535,5.337999999999999
 Switzerland,Geneva,Europe,1.0775,1.0,4.692,3.089,5.866500000000001,6.003,8.888,8.427,7.443,5.186,8.601750000000001,6.552,6.4285000000000005,8.378499999999999,5.244000000000001,8.6205,6.5535
 Iceland,Reykjavik,Europe,2.7715,1.0,3.168,2.875,1.1349999999999998,5.475,9.36,8.658,8.078999999999999,4.057,8.62375,5.283,4.4655000000000005,6.742,5.0205,9.565,4.8035000000000005
 Switzerland,Zurich,Europe,1.473,1.0,6.203500000000001,3.872,7.733499999999999,5.839499999999999,8.888,9.0665,7.670333333333332,7.2875,8.642999999999999,6.552,6.4285000000000005,7.2675,4.9655000000000005,8.7845,5.401
